{"loss": [1.086578369140625, 1.026009202003479, 1.0156936645507812, 1.012130618095398, 1.010107159614563, 1.0083669424057007, 1.007570505142212, 1.007057785987854, 1.0059963464736938, 1.0053318738937378, 1.0046052932739258, 1.0044827461242676, 1.004184603691101, 1.0033541917800903, 1.0031976699829102, 1.0026878118515015, 1.0025588274002075, 1.002137541770935, 1.0018976926803589, 1.0014218091964722, 1.0009244680404663, 1.0006492137908936, 1.0008089542388916, 1.0005297660827637, 1.0001240968704224, 1.0000977516174316, 0.9997681379318237, 0.99993896484375, 0.9999134540557861, 0.9994333982467651, 0.9995111227035522, 0.9993124008178711, 0.9992396831512451, 0.9991406798362732, 0.9988563656806946, 0.9990640878677368, 0.9988518357276917, 0.9986802339553833, 0.9987034797668457, 0.998825192451477], "flatten_freq_ch_loss": [0.3588846027851105, 0.33526870608329773, 0.3327271044254303, 0.3319275677204132, 0.33147794008255005, 0.33114713430404663, 0.3309329152107239, 0.3308115601539612, 0.33060798048973083, 0.33056777715682983, 0.33038195967674255, 0.33033934235572815, 0.3302966356277466, 0.33019962906837463, 0.3301053047180176, 0.3300530016422272, 0.33001938462257385, 0.3299562335014343, 0.3299170434474945, 0.3298548460006714, 0.3297770917415619, 0.32978758215904236, 0.3297494649887085, 0.32970187067985535, 0.32961419224739075, 0.3296138048171997, 0.32958921790122986, 0.3295045793056488, 0.3295591175556183, 0.32946550846099854, 0.32950538396835327, 0.32943427562713623, 0.32947397232055664, 0.32944613695144653, 0.3294261395931244, 0.32938387989997864, 0.32937267422676086, 0.32936152815818787, 0.32934728264808655, 0.3293377459049225], "flatten_freq_ch_1_loss": [0.36460068821907043, 0.3417580723762512, 0.3360128402709961, 0.33461838960647583, 0.3339284062385559, 0.33344370126724243, 0.3332660496234894, 0.33309507369995117, 0.3329058587551117, 0.3328975737094879, 0.3326808214187622, 0.3326631486415863, 0.3326509892940521, 0.33236971497535706, 0.3323354423046112, 0.33221152424812317, 0.33217817544937134, 0.33213579654693604, 0.33210939168930054, 0.33200642466545105, 0.33193275332450867, 0.33194974064826965, 0.33196696639060974, 0.3319387137889862, 0.33177992701530457, 0.3318035900592804, 0.3317831754684448, 0.33169546723365784, 0.33179008960723877, 0.33166441321372986, 0.3317205011844635, 0.33159497380256653, 0.3316655457019806, 0.3316483199596405, 0.3315935730934143, 0.3315618634223938, 0.33153945207595825, 0.33159878849983215, 0.33152294158935547, 0.3315717875957489], "flatten_freq_ch_2_loss": [0.36309298872947693, 0.3489827811717987, 0.3469538688659668, 0.3455851078033447, 0.3447009027004242, 0.34377574920654297, 0.3433718681335449, 0.34315118193626404, 0.34248262643814087, 0.34186622500419617, 0.3415428102016449, 0.3414805829524994, 0.34123745560646057, 0.34078460931777954, 0.3407570421695709, 0.34042295813560486, 0.3403613269329071, 0.3400455117225647, 0.3398711383342743, 0.3395608365535736, 0.3392150104045868, 0.33891189098358154, 0.33909258246421814, 0.33888912200927734, 0.33873024582862854, 0.3386804461479187, 0.338395893573761, 0.33873870968818665, 0.33856436610221863, 0.33830344676971436, 0.3382853865623474, 0.338282972574234, 0.33810001611709595, 0.3380464017391205, 0.33783718943595886, 0.3381180763244629, 0.337939977645874, 0.33771976828575134, 0.33783289790153503, 0.33791500329971313], "val_loss": [1.0828250646591187, 1.0311579704284668, 1.021461844444275, 1.0191899538040161, 1.0190412998199463, 1.0151751041412354, 1.0164246559143066, 1.0151842832565308, 1.0147464275360107, 1.0127543210983276, 1.0134820938110352, 1.0131779909133911, 1.0120573043823242, 1.0121718645095825, 1.0120811462402344, 1.0119094848632812, 1.0143768787384033, 1.0146499872207642, 1.0115368366241455, 1.0138424634933472, 1.0114773511886597, 1.0133750438690186, 1.0165646076202393, 1.0121184587478638, 1.0117456912994385, 1.0128264427185059, 1.0142526626586914, 1.013375997543335, 1.0178509950637817, 1.0134377479553223, 1.011551856994629, 1.0094166994094849, 1.0123859643936157, 1.0157569646835327, 1.010450839996338, 1.0098060369491577, 1.011250376701355, 1.0133620500564575, 1.013312816619873, 1.0098903179168701], "val_flatten_freq_ch_loss": [0.34676414728164673, 0.33462104201316833, 0.333568274974823, 0.33306798338890076, 0.3342334032058716, 0.33251437544822693, 0.3330758213996887, 0.33288392424583435, 0.3329429626464844, 0.3318934142589569, 0.33207041025161743, 0.3320602476596832, 0.3315006196498871, 0.3322521448135376, 0.33151933550834656, 0.33205392956733704, 0.33253952860832214, 0.33272528648376465, 0.3321552276611328, 0.33289819955825806, 0.33198511600494385, 0.3327604830265045, 0.333843469619751, 0.33218783140182495, 0.3320390582084656, 0.33261099457740784, 0.33229371905326843, 0.33232346177101135, 0.3324368894100189, 0.33264610171318054, 0.3318197429180145, 0.33124274015426636, 0.3315783441066742, 0.3332479000091553, 0.331135094165802, 0.3312325179576874, 0.33159172534942627, 0.3313446044921875, 0.3319687247276306, 0.3314354121685028], "val_flatten_freq_ch_1_loss": [0.36413446068763733, 0.34036341309547424, 0.3370857238769531, 0.3361956477165222, 0.3359721004962921, 0.3349035382270813, 0.3354765772819519, 0.33482491970062256, 0.335134893655777, 0.33439183235168457, 0.33467957377433777, 0.33445319533348083, 0.3342690169811249, 0.3344540596008301, 0.33420392870903015, 0.3342352509498596, 0.3345462381839752, 0.33422937989234924, 0.3341048061847687, 0.3350779116153717, 0.3341785669326782, 0.3351302146911621, 0.33691641688346863, 0.33419641852378845, 0.3341878652572632, 0.33395445346832275, 0.3344080448150635, 0.33466947078704834, 0.33553770184516907, 0.33430972695350647, 0.33397334814071655, 0.33378854393959045, 0.33379876613616943, 0.33588218688964844, 0.33354735374450684, 0.3335212171077728, 0.3337310254573822, 0.33407026529312134, 0.33395373821258545, 0.33383962512016296], "val_flatten_freq_ch_2_loss": [0.3719264566898346, 0.356173574924469, 0.35080787539482117, 0.34992626309394836, 0.34883585572242737, 0.34775710105895996, 0.3478722870349884, 0.34747546911239624, 0.3466685712337494, 0.3464691638946533, 0.34673231840133667, 0.34666454792022705, 0.34628766775131226, 0.34546568989753723, 0.34635794162750244, 0.3456203043460846, 0.3472912609577179, 0.3476952910423279, 0.34527692198753357, 0.3458663523197174, 0.34531348943710327, 0.3454844057559967, 0.3458048105239868, 0.3457343578338623, 0.3455188274383545, 0.34626105427742004, 0.34755080938339233, 0.3463832139968872, 0.3498765230178833, 0.34648194909095764, 0.34575867652893066, 0.34438541531562805, 0.3470088541507721, 0.34662696719169617, 0.34576839208602905, 0.3450522720813751, 0.34592756628990173, 0.34794723987579346, 0.3473902642726898, 0.34461528062820435]}