{"loss": [1.0852928161621094, 1.0298501253128052, 1.015657663345337, 1.0123032331466675, 1.0106550455093384, 1.0093680620193481, 1.00814688205719, 1.0070991516113281, 1.0063598155975342, 1.0055614709854126, 1.0050181150436401, 1.0046355724334717, 1.0042383670806885, 1.0036746263504028, 1.0031992197036743, 1.003022313117981, 1.002887487411499, 1.0026849508285522, 1.0023752450942993, 1.001976728439331, 1.0019640922546387, 1.0016319751739502, 1.001251220703125, 1.001177191734314, 1.0012205839157104, 1.0009187459945679, 1.0007097721099854, 1.0008704662322998, 1.0006029605865479, 1.0003862380981445, 1.0002427101135254, 1.0002158880233765, 1.000016689300537, 1.000071406364441, 0.9996585249900818, 0.9998355507850647, 0.9999486207962036, 0.9995509386062622, 0.9993178248405457, 0.9992353320121765], "flatten_freq_ch_loss": [0.3519609570503235, 0.3354794681072235, 0.33236163854599, 0.33164337277412415, 0.33130571246147156, 0.33107301592826843, 0.33084869384765625, 0.3307053744792938, 0.3305623531341553, 0.33042117953300476, 0.33036988973617554, 0.3302938640117645, 0.3302537798881531, 0.33012887835502625, 0.33010149002075195, 0.33005815744400024, 0.3300319015979767, 0.3300127685070038, 0.32997792959213257, 0.3299025297164917, 0.3299262225627899, 0.3298726975917816, 0.3298036456108093, 0.3298102021217346, 0.32977303862571716, 0.32976430654525757, 0.3296965956687927, 0.3296886682510376, 0.3296780586242676, 0.3296332061290741, 0.3295983076095581, 0.3296082317829132, 0.3295705318450928, 0.32959121465682983, 0.3295677602291107, 0.32951095700263977, 0.3295326828956604, 0.3294914960861206, 0.32942327857017517, 0.32940474152565], "flatten_freq_ch_1_loss": [0.36531275510787964, 0.344674289226532, 0.3361015319824219, 0.33484694361686707, 0.3341986835002899, 0.33376064896583557, 0.3334006071090698, 0.3331606984138489, 0.33299583196640015, 0.3327392041683197, 0.33261775970458984, 0.3325045704841614, 0.3325308561325073, 0.33233165740966797, 0.33232471346855164, 0.3323022127151489, 0.3323475420475006, 0.3323143720626831, 0.33227095007896423, 0.3322077989578247, 0.3322109580039978, 0.33210524916648865, 0.3320019245147705, 0.33200380206108093, 0.3319036066532135, 0.3319114148616791, 0.3318397104740143, 0.3317904770374298, 0.33179032802581787, 0.33179304003715515, 0.33170780539512634, 0.33174559473991394, 0.3316771388053894, 0.331731915473938, 0.33167922496795654, 0.33163750171661377, 0.3316469192504883, 0.33160269260406494, 0.3315083384513855, 0.33149561285972595], "flatten_freq_ch_2_loss": [0.3680192828178406, 0.3496966063976288, 0.34719473123550415, 0.3458128571510315, 0.34515056014060974, 0.3445342481136322, 0.3438969552516937, 0.34323304891586304, 0.34280145168304443, 0.3424006402492523, 0.34203076362609863, 0.341837078332901, 0.3414537012577057, 0.34121444821357727, 0.3407726585865021, 0.3406621813774109, 0.34050777554512024, 0.3403576612472534, 0.3401263654232025, 0.33986639976501465, 0.339827299118042, 0.33965402841567993, 0.3394453525543213, 0.3393629193305969, 0.3395441472530365, 0.3392431139945984, 0.33917394280433655, 0.33939191699028015, 0.33913466334342957, 0.33895978331565857, 0.33893635869026184, 0.33886224031448364, 0.3387691378593445, 0.33874809741973877, 0.3384115695953369, 0.33868688344955444, 0.33876916766166687, 0.33845701813697815, 0.33838626742362976, 0.3383350968360901], "val_loss": [1.0770750045776367, 1.0289592742919922, 1.022831916809082, 1.019562840461731, 1.017284631729126, 1.0166035890579224, 1.016920804977417, 1.0156499147415161, 1.0160027742385864, 1.0131300687789917, 1.0131638050079346, 1.011987566947937, 1.0126936435699463, 1.0114444494247437, 1.01310396194458, 1.0117583274841309, 1.0110130310058594, 1.0110639333724976, 1.0098649263381958, 1.0108150243759155, 1.011207938194275, 1.0089832544326782, 1.0104169845581055, 1.0090789794921875, 1.0089221000671387, 1.0085440874099731, 1.0080699920654297, 1.010308861732483, 1.0087305307388306, 1.0089699029922485, 1.0088186264038086, 1.00880765914917, 1.0083867311477661, 1.007462501525879, 1.0085694789886475, 1.0104875564575195, 1.0090700387954712, 1.0082453489303589, 1.0077248811721802, 1.0071287155151367], "val_flatten_freq_ch_loss": [0.3453534245491028, 0.3357512950897217, 0.33455944061279297, 0.3334992229938507, 0.3329008221626282, 0.33282163739204407, 0.33291736245155334, 0.33259010314941406, 0.33326292037963867, 0.332311749458313, 0.33212757110595703, 0.33183804154396057, 0.3323688209056854, 0.33162394165992737, 0.3323773145675659, 0.3321467936038971, 0.3314557373523712, 0.3316960632801056, 0.33129552006721497, 0.33130329847335815, 0.33203935623168945, 0.3313331604003906, 0.33157095313072205, 0.3311574161052704, 0.33115172386169434, 0.3313688635826111, 0.3310747742652893, 0.33136624097824097, 0.33108556270599365, 0.33123475313186646, 0.33081763982772827, 0.33085528016090393, 0.3310413956642151, 0.3307406008243561, 0.33127665519714355, 0.3314349055290222, 0.3309516906738281, 0.3311331272125244, 0.33072686195373535, 0.33065199851989746], "val_flatten_freq_ch_1_loss": [0.36614611744880676, 0.34139010310173035, 0.3379201292991638, 0.3366861641407013, 0.33564889430999756, 0.3353067934513092, 0.3352022171020508, 0.33496570587158203, 0.33545657992362976, 0.3344181776046753, 0.3347325026988983, 0.33449751138687134, 0.334976464509964, 0.3342117965221405, 0.3350689709186554, 0.3345264494419098, 0.33418628573417664, 0.3342917263507843, 0.3339376449584961, 0.3338831067085266, 0.33434364199638367, 0.3338736891746521, 0.3338156044483185, 0.33365777134895325, 0.33367547392845154, 0.33372318744659424, 0.3335284888744354, 0.33405137062072754, 0.33340898156166077, 0.3335171937942505, 0.33327174186706543, 0.33333149552345276, 0.33343830704689026, 0.3334733247756958, 0.3335961401462555, 0.33375492691993713, 0.33337923884391785, 0.33337175846099854, 0.3331300616264343, 0.33310627937316895], "val_flatten_freq_ch_2_loss": [0.3655754625797272, 0.35181787610054016, 0.35035231709480286, 0.34937748312950134, 0.34873488545417786, 0.34847497940063477, 0.3488010764122009, 0.3480941653251648, 0.3472832441329956, 0.34640008211135864, 0.34630370140075684, 0.34565213322639465, 0.3453482687473297, 0.34560859203338623, 0.3456577658653259, 0.3450850546360016, 0.3453710675239563, 0.3450761139392853, 0.3446316123008728, 0.34562864899635315, 0.34482499957084656, 0.34377649426460266, 0.34503039717674255, 0.3442637622356415, 0.3440949618816376, 0.3434520661830902, 0.34346669912338257, 0.3448913097381592, 0.3442360460758209, 0.34421804547309875, 0.34472906589508057, 0.34462085366249084, 0.34390711784362793, 0.34324854612350464, 0.3436965346336365, 0.34529775381088257, 0.3447391092777252, 0.34374046325683594, 0.3438679277896881, 0.34337037801742554]}