{"loss": [1.1042894124984741, 1.0303374528884888, 1.0171743631362915, 1.0117326974868774, 1.0097054243087769, 1.0081077814102173, 1.006711483001709, 1.0057202577590942, 1.0045326948165894, 1.0047658681869507, 1.0038880109786987, 1.0031428337097168, 1.0033318996429443, 1.0025746822357178, 1.0024123191833496, 1.0020642280578613, 1.0016069412231445, 1.0011848211288452, 1.001508355140686, 1.000766396522522, 1.0006569623947144, 1.0002882480621338, 1.0005624294281006, 1.0001784563064575, 1.000125527381897, 0.9999265074729919, 0.999772846698761, 1.0000981092453003, 0.9994867444038391, 0.999363899230957, 0.9996141791343689, 0.9990860819816589, 0.9988294243812561, 0.9990689754486084, 0.9992462396621704, 0.9990154504776001, 0.998720645904541, 0.9987850189208984, 0.9988048076629639, 0.9986274838447571, 0.9986744523048401, 0.9984151124954224, 0.998688280582428, 0.9980243444442749, 0.9989861249923706, 0.9986428618431091, 0.998227596282959, 0.9984850287437439, 0.9980480670928955, 0.9977734088897705], "flatten_freq_ch_loss": [0.3799532949924469, 0.3368851840496063, 0.33422958850860596, 0.33287712931632996, 0.3323141634464264, 0.33193081617355347, 0.331598162651062, 0.33137381076812744, 0.33109050989151, 0.33099743723869324, 0.33082860708236694, 0.3307477533817291, 0.33066046237945557, 0.33059343695640564, 0.33055293560028076, 0.3304167687892914, 0.3303323984146118, 0.3302697241306305, 0.33031246066093445, 0.3301810026168823, 0.3301420211791992, 0.33006012439727783, 0.3300996720790863, 0.33004724979400635, 0.32998937368392944, 0.32997897267341614, 0.3298793435096741, 0.3299456238746643, 0.329863965511322, 0.32980766892433167, 0.3298039436340332, 0.3298061490058899, 0.32973334193229675, 0.32974597811698914, 0.32974129915237427, 0.3296365737915039, 0.3295891582965851, 0.3296288847923279, 0.32960596680641174, 0.3296037018299103, 0.3295848071575165, 0.3295486867427826, 0.32954493165016174, 0.3294903337955475, 0.32949331402778625, 0.32948023080825806, 0.3295415937900543, 0.32947278022766113, 0.3294335901737213, 0.3294099271297455], "flatten_freq_ch_1_loss": [0.36319151520729065, 0.34550270438194275, 0.3372305929660797, 0.33489710092544556, 0.33410629630088806, 0.3336139917373657, 0.33327218890190125, 0.33301475644111633, 0.3327640891075134, 0.3327418565750122, 0.33256760239601135, 0.33246612548828125, 0.33242669701576233, 0.33237001299858093, 0.33231547474861145, 0.3322099447250366, 0.33215925097465515, 0.33208924531936646, 0.33215370774269104, 0.3320467174053192, 0.33199751377105713, 0.33195164799690247, 0.33202773332595825, 0.3319700062274933, 0.3319048583507538, 0.33191004395484924, 0.3317878246307373, 0.33185288310050964, 0.3317725956439972, 0.3317243754863739, 0.33171236515045166, 0.33181488513946533, 0.33167311549186707, 0.3317517638206482, 0.3317112922668457, 0.3316041827201843, 0.33154788613319397, 0.3315894901752472, 0.3316149413585663, 0.3315722346305847, 0.33160266280174255, 0.33155012130737305, 0.3315452039241791, 0.33149784803390503, 0.33147192001342773, 0.33149558305740356, 0.3315315544605255, 0.33151349425315857, 0.33143728971481323, 0.3313917815685272], "flatten_freq_ch_2_loss": [0.3611445426940918, 0.3479495048522949, 0.3457135856151581, 0.34395864605903625, 0.34328514337539673, 0.34256261587142944, 0.3418412208557129, 0.34133148193359375, 0.34067806601524353, 0.341026246547699, 0.3404920995235443, 0.3399289846420288, 0.3402448296546936, 0.3396112024784088, 0.33954355120658875, 0.33943748474121094, 0.3391156494617462, 0.33882614970207214, 0.3390420079231262, 0.33853891491889954, 0.3385173976421356, 0.33827635645866394, 0.33843517303466797, 0.33816105127334595, 0.3382317125797272, 0.3380373418331146, 0.3381056785583496, 0.33829960227012634, 0.3378497064113617, 0.3378314971923828, 0.3380979895591736, 0.33746469020843506, 0.3374229967594147, 0.33757129311561584, 0.3377940058708191, 0.33777451515197754, 0.3375837206840515, 0.3375663757324219, 0.3375837504863739, 0.33745139837265015, 0.33748704195022583, 0.33731603622436523, 0.3375978171825409, 0.3370361030101776, 0.33802077174186707, 0.3376673460006714, 0.33715447783470154, 0.3374986946582794, 0.3371773362159729, 0.3369717299938202], "val_loss": [1.154902696609497, 1.0251963138580322, 1.0140485763549805, 1.0060752630233765, 1.0143811702728271, 1.011634111404419, 1.0078709125518799, 1.0043398141860962, 1.0045303106307983, 1.002952218055725, 1.0092313289642334, 1.0035796165466309, 1.009312391281128, 1.0124337673187256, 1.0064910650253296, 1.0053635835647583, 1.0069754123687744, 1.0016119480133057, 1.0039937496185303, 1.0018913745880127, 1.0088070631027222, 1.0010061264038086, 1.0053383111953735, 1.0066839456558228, 1.0045945644378662, 0.9981395602226257, 0.9978654980659485, 1.0066654682159424, 1.0034129619598389, 0.9997566938400269, 1.0027250051498413, 1.0037753582000732, 1.0074851512908936, 1.007261872291565, 1.0041717290878296, 0.9989202618598938, 1.0049694776535034, 1.0009629726409912, 1.0069997310638428, 1.0024261474609375, 1.0032070875167847, 1.005570411682129, 1.0005804300308228, 1.005902647972107, 1.002907156944275, 1.0040481090545654, 1.0025899410247803, 1.0062839984893799, 1.0003560781478882, 1.00271737575531], "val_flatten_freq_ch_loss": [0.34595832228660583, 0.3351636230945587, 0.3327966630458832, 0.3317798376083374, 0.33162349462509155, 0.33091604709625244, 0.33057087659835815, 0.3306901454925537, 0.330291211605072, 0.3304716944694519, 0.33075469732284546, 0.33065974712371826, 0.33094507455825806, 0.33051133155822754, 0.3304310441017151, 0.3303908109664917, 0.3300315737724304, 0.3297188878059387, 0.32999858260154724, 0.3295188248157501, 0.32978203892707825, 0.32951030135154724, 0.3299584686756134, 0.3297993838787079, 0.33025360107421875, 0.32946088910102844, 0.32908254861831665, 0.3295067846775055, 0.3295140564441681, 0.32915884256362915, 0.3291874825954437, 0.3294905126094818, 0.3295269012451172, 0.32954204082489014, 0.3296428918838501, 0.3291630446910858, 0.3292299807071686, 0.32897239923477173, 0.32940393686294556, 0.32954636216163635, 0.3296499252319336, 0.3293263912200928, 0.32913243770599365, 0.32932376861572266, 0.3292672634124756, 0.3297957479953766, 0.32928505539894104, 0.3292279839515686, 0.32926249504089355, 0.32910841703414917], "val_flatten_freq_ch_1_loss": [0.3656766414642334, 0.33851176500320435, 0.3345934748649597, 0.3334957957267761, 0.3341025412082672, 0.3327816426753998, 0.33278194069862366, 0.33274251222610474, 0.33206766843795776, 0.3318464159965515, 0.3329278528690338, 0.3317963182926178, 0.3322548270225525, 0.33227163553237915, 0.33236655592918396, 0.3320903182029724, 0.3324849307537079, 0.33189958333969116, 0.3318338394165039, 0.331502765417099, 0.3317839205265045, 0.33182209730148315, 0.3320719599723816, 0.33234840631484985, 0.33189111948013306, 0.33115845918655396, 0.330846905708313, 0.3321085274219513, 0.3320983052253723, 0.3311103880405426, 0.3315463662147522, 0.3317960798740387, 0.3318951427936554, 0.3322340250015259, 0.33159971237182617, 0.3316267132759094, 0.33135750889778137, 0.3309928774833679, 0.332195907831192, 0.3319505751132965, 0.3314625322818756, 0.33185523748397827, 0.3314111828804016, 0.33166518807411194, 0.33134955167770386, 0.33197879791259766, 0.3312733769416809, 0.33147841691970825, 0.33118483424186707, 0.3317854702472687],