{"loss": [1.1042587757110596, 1.0355827808380127, 1.0185033082962036, 1.0142775774002075, 1.0112159252166748, 1.0095082521438599, 1.0081226825714111, 1.0074272155761719, 1.0063729286193848, 1.0057224035263062, 1.0050805807113647, 1.004417896270752, 1.0040041208267212, 1.003949761390686, 1.0036132335662842, 1.002945899963379, 1.0027936697006226, 1.0024927854537964, 1.0022244453430176, 1.0020638704299927, 1.0016199350357056, 1.0017000436782837, 1.0013833045959473, 1.0011168718338013, 1.0011416673660278, 1.0009480714797974, 1.0005898475646973, 1.0004335641860962, 1.0003935098648071, 1.000023365020752, 1.0003269910812378, 1.0001134872436523, 1.0001574754714966, 1.0003632307052612, 0.9998464584350586, 0.9993700385093689, 0.999191164970398, 0.9993419051170349, 0.998915433883667, 0.9991326332092285, 0.9989004731178284, 0.9987234473228455, 0.9984549880027771, 0.998528242111206, 0.9986164569854736, 0.9985489845275879, 0.9984560608863831, 0.9987543821334839, 0.9988471269607544, 0.9989415407180786], "flatten_freq_ch_loss": [0.3624436557292938, 0.3368857502937317, 0.33363255858421326, 0.3327180743217468, 0.3319289982318878, 0.3314394950866699, 0.33124464750289917, 0.3309929370880127, 0.33091020584106445, 0.33071956038475037, 0.33057552576065063, 0.33048972487449646, 0.330415278673172, 0.3303723931312561, 0.3303178548812866, 0.3302200138568878, 0.33018961548805237, 0.33016079664230347, 0.3300988972187042, 0.33002904057502747, 0.3300042450428009, 0.3299883008003235, 0.32997092604637146, 0.3298966586589813, 0.32996895909309387, 0.3298269808292389, 0.32977592945098877, 0.3298153579235077, 0.3297259211540222, 0.3297274112701416, 0.32973334193229675, 0.3297194540500641, 0.3296588063240051, 0.3296765387058258, 0.3296279013156891, 0.3295719027519226, 0.3295748233795166, 0.3295816481113434, 0.3295080065727234, 0.3294949233531952, 0.3295001685619354, 0.3294947147369385, 0.32945170998573303, 0.3294478952884674, 0.3294547200202942, 0.32941392064094543, 0.3294305205345154, 0.3294163644313812, 0.3293905556201935, 0.3293703496456146], "flatten_freq_ch_1_loss": [0.3675273656845093, 0.34753018617630005, 0.3372463881969452, 0.3353458046913147, 0.3342535197734833, 0.3335895836353302, 0.33343780040740967, 0.33308812975883484, 0.33301907777786255, 0.3327803909778595, 0.332610160112381, 0.3325096070766449, 0.33242034912109375, 0.33235979080200195, 0.33232858777046204, 0.332256942987442, 0.3322351574897766, 0.33216461539268494, 0.3320927619934082, 0.3320519030094147, 0.33202630281448364, 0.3320121765136719, 0.33201083540916443, 0.3318980634212494, 0.33200621604919434, 0.3318442404270172, 0.3318057358264923, 0.33184581995010376, 0.33177289366722107, 0.3317722976207733, 0.3318052887916565, 0.3318430185317993, 0.331747829914093, 0.33176442980766296, 0.3317338228225708, 0.3317122161388397, 0.33168765902519226, 0.33163589239120483, 0.33158889412879944, 0.3315388560295105, 0.3315487205982208, 0.33156874775886536, 0.3315151333808899, 0.3314938247203827, 0.33149778842926025, 0.33146175742149353, 0.3314705491065979, 0.3315260708332062, 0.33144617080688477, 0.3314319849014282], "flatten_freq_ch_2_loss": [0.37428784370422363, 0.3511669635772705, 0.3476240932941437, 0.34621381759643555, 0.34503304958343506, 0.34447935223579407, 0.34344035387039185, 0.343346506357193, 0.34244367480278015, 0.3422221839427948, 0.34189561009407043, 0.341418594121933, 0.34116825461387634, 0.34121742844581604, 0.3409668505191803, 0.3404686450958252, 0.34036901593208313, 0.3401671350002289, 0.34003251791000366, 0.33998289704322815, 0.33958953619003296, 0.3396995961666107, 0.33940160274505615, 0.33932238817214966, 0.3391667306423187, 0.3392769694328308, 0.339008092880249, 0.33877256512641907, 0.33889496326446533, 0.33852362632751465, 0.3387885093688965, 0.3385511040687561, 0.3387506902217865, 0.33892232179641724, 0.33848440647125244, 0.33808621764183044, 0.3379286527633667, 0.33812418580055237, 0.3378181457519531, 0.33809894323349, 0.33785107731819153, 0.33765992522239685, 0.3374876379966736, 0.3375862240791321, 0.3376638889312744, 0.3376730978488922, 0.3375551104545593, 0.3378121256828308, 0.3380100429058075, 0.3381389081478119], "val_loss": [1.148273229598999, 1.032257318496704, 1.0170389413833618, 1.015268087387085, 1.0089527368545532, 1.008603811264038, 1.0142202377319336, 1.0087592601776123, 1.0079141855239868, 1.0086675882339478, 1.0058677196502686, 1.002812147140503, 1.0094845294952393, 1.0052897930145264, 1.0045483112335205, 1.0008002519607544, 1.0046123266220093, 1.002741813659668, 1.0068657398223877, 1.0059040784835815, 1.0055155754089355, 1.0038201808929443, 1.0063954591751099, 1.0052131414413452, 0.9983352422714233, 1.0027997493743896, 1.0022889375686646, 0.999678909778595, 1.0032832622528076, 1.002411127090454, 0.9991451501846313, 1.0012919902801514, 1.0031931400299072, 1.004292368888855, 1.0033018589019775, 1.0008151531219482, 1.0051929950714111, 0.999936580657959, 1.0045086145401, 1.0054757595062256, 1.0022467374801636, 0.9985452890396118, 1.002378225326538, 1.0071144104003906, 1.0096054077148438, 1.0010054111480713, 1.0024160146713257, 1.0023458003997803, 1.002889633178711, 1.0053670406341553], "val_flatten_freq_ch_loss": [0.34488436579704285, 0.3367181122303009, 0.3326164782047272, 0.33216530084609985, 0.3307414650917053, 0.33091941475868225, 0.3311232328414917, 0.33110061287879944, 0.3304280638694763, 0.33079081773757935, 0.33010345697402954, 0.3303033709526062, 0.33043593168258667, 0.3302296996116638, 0.32995137572288513, 0.32970449328422546, 0.3300430178642273, 0.32946425676345825, 0.3296606242656708, 0.32961463928222656, 0.3298855721950531, 0.32962220907211304, 0.32983195781707764, 0.3296939432621002, 0.32992392778396606, 0.32940155267715454, 0.32945331931114197, 0.32972657680511475, 0.3293148875236511, 0.3294515013694763, 0.32925358414649963, 0.3292500376701355, 0.32939714193344116, 0.3294334411621094, 0.32953283190727234, 0.3291797637939453, 0.3299855887889862, 0.32928791642189026, 0.3291911780834198, 0.32958588004112244, 0.32940346002578735, 0.3290814459323883, 0.3293420374393463, 0.32984963059425354, 0.32943975925445557, 0.32902202010154724, 0.3291758894920349, 0.3294852674007416, 0.32927438616752625, 0.3294990658760071], "val_flatten_freq_ch_1_loss": [0.3678697943687439, 0.34515780210494995, 0.33589014410972595, 0.3344343304634094, 0.3333199918270111, 0.3330252766609192, 0.3332478404045105, 0.33231115341186523, 0.33264750242233276, 0.3327704071998596, 0.33213570713996887, 0.33165448904037476, 0.33264368772506714, 0.3320716619491577, 0.3320733606815338, 0.33159494400024414, 0.3322182297706604, 0.3316672742366791, 0.33215388655662537, 0.33172696828842163, 0.33186882734298706, 0.3320976793766022, 0.332284539937973, 0.3318701684474945, 0.33135634660720825, 0.33154645562171936, 0.33173608779907227, 0.3316083252429962, 0.3315698206424713, 0.33155378699302673, 0.3313072919845581, 0.33146151900291443, 0.33183199167251587, 0.3317055404186249, 0.3321918845176697, 0.3315841555595398, 0.33220207691192627, 0.331301212310791, 0.3318520486354828, 0.33169621229171753, 0.33132204413414, 0.33110353350639343, 0.33164387941360474, 0.33214259147644043, 0.33183032274246216, 0.33112871646881104, 0.33128124475479126, 0.3314763605594635, 0.33186301589012146, 0.33172136545181274],