{"loss": [1.2064025402069092, 1.0436022281646729, 1.030837893486023, 1.020872712135315, 1.0152928829193115, 1.0118801593780518, 1.0098330974578857, 1.0087515115737915, 1.007542371749878, 1.0068905353546143, 1.006097435951233, 1.0050714015960693, 1.0045665502548218, 1.0041747093200684, 1.0040290355682373, 1.0032678842544556, 1.0036754608154297, 1.0027132034301758, 1.0022380352020264, 1.0018476247787476, 1.0018343925476074, 1.0019230842590332, 1.0013660192489624, 1.001067042350769, 1.0012409687042236, 1.0007736682891846, 1.0003255605697632, 1.0006661415100098, 1.0004401206970215, 1.0000687837600708, 1.0003706216812134, 0.9999786019325256, 1.0002143383026123, 0.9996784925460815, 0.9993746280670166, 0.9995895028114319, 0.999238908290863, 0.9993579387664795, 0.9991673827171326, 0.9991135597229004, 0.9989525675773621, 0.9994322061538696, 0.998828649520874, 0.998587965965271, 0.9986310601234436, 0.9985188245773315, 0.9985389709472656, 0.9986958503723145, 0.9993109703063965, 0.9987702965736389], "flatten_freq_ch_loss": [0.46176451444625854, 0.3397836685180664, 0.3382469415664673, 0.3360043168067932, 0.3341728150844574, 0.33312177658081055, 0.33250942826271057, 0.3321719467639923, 0.3318498134613037, 0.33163848519325256, 0.33140531182289124, 0.3312334716320038, 0.3310452997684479, 0.3309370279312134, 0.33079957962036133, 0.3306916356086731, 0.33062267303466797, 0.33056822419166565, 0.3305061459541321, 0.3304031491279602, 0.33042672276496887, 0.33039590716362, 0.3303419351577759, 0.3303079903125763, 0.33023378252983093, 0.3301536738872528, 0.3301040828227997, 0.3301064372062683, 0.3300817012786865, 0.3300645351409912, 0.32999658584594727, 0.32995206117630005, 0.3300146460533142, 0.32995325326919556, 0.32985201478004456, 0.3298407196998596, 0.32978102564811707, 0.3297973871231079, 0.3297710120677948, 0.32976698875427246, 0.32968053221702576, 0.3297194838523865, 0.3296830356121063, 0.32961228489875793, 0.3296082317829132, 0.3296072781085968, 0.3296317458152771, 0.32962316274642944, 0.32961052656173706, 0.32954007387161255], "flatten_freq_ch_1_loss": [0.3805352747440338, 0.35451552271842957, 0.34585627913475037, 0.33962440490722656, 0.33652451634407043, 0.33506983518600464, 0.33437877893447876, 0.33402422070503235, 0.33371663093566895, 0.333595871925354, 0.3333914577960968, 0.33310768008232117, 0.3328975439071655, 0.33283162117004395, 0.3327254354953766, 0.332577109336853, 0.332539439201355, 0.33244913816452026, 0.3324322998523712, 0.33228111267089844, 0.33225223422050476, 0.33234137296676636, 0.3322095274925232, 0.3321641981601715, 0.33213844895362854, 0.33204489946365356, 0.33198222517967224, 0.3319651186466217, 0.33202677965164185, 0.3319597542285919, 0.33191123604774475, 0.33185315132141113, 0.3319728374481201, 0.33186277747154236, 0.3318074643611908, 0.33178067207336426, 0.33169814944267273, 0.3317229151725769, 0.3317086398601532, 0.33170920610427856, 0.33161041140556335, 0.33172520995140076, 0.3316836655139923, 0.3315492272377014, 0.3315059542655945, 0.3315902650356293, 0.3315824866294861, 0.33155542612075806, 0.33158499002456665, 0.3314633369445801], "flatten_freq_ch_2_loss": [0.3641023337841034, 0.34930288791656494, 0.3467346131801605, 0.3452443480491638, 0.34459567070007324, 0.34368863701820374, 0.3429449498653412, 0.34255537390708923, 0.341976135969162, 0.34165647625923157, 0.34130048751831055, 0.34073054790496826, 0.3406236171722412, 0.34040603041648865, 0.34050434827804565, 0.33999913930892944, 0.3405131995677948, 0.3396960496902466, 0.33929941058158875, 0.3391634225845337, 0.3391556143760681, 0.3391857147216797, 0.33881479501724243, 0.33859488368034363, 0.33886849880218506, 0.33857545256614685, 0.33823928236961365, 0.33859488368034363, 0.33833181858062744, 0.3380444645881653, 0.33846256136894226, 0.33817341923713684, 0.33822688460350037, 0.337862491607666, 0.3377150595188141, 0.33796805143356323, 0.337759405374527, 0.3378371596336365, 0.3376877009868622, 0.3376372754573822, 0.33766165375709534, 0.3379876911640167, 0.33746206760406494, 0.3374263644218445, 0.3375169634819031, 0.3373214900493622, 0.33732473850250244, 0.337517112493515, 0.3381156921386719, 0.33776697516441345], "val_loss": [1.2086118459701538, 1.0354089736938477, 1.0236246585845947, 1.0169379711151123, 1.0119361877441406, 1.0141994953155518, 1.0087463855743408, 1.006060242652893, 1.0055904388427734, 1.008141279220581, 1.0055251121520996, 1.0073354244232178, 1.0062768459320068, 1.0112273693084717, 1.0076104402542114, 1.0072243213653564, 1.0037031173706055, 1.0050746202468872, 1.0033754110336304, 1.0018365383148193, 1.0097182989120483, 1.003546118736267, 1.0066871643066406, 1.006656527519226, 1.0017187595367432, 1.0058649778366089, 0.9995666742324829, 1.00801420211792, 1.0054543018341064, 1.0025299787521362, 1.0098479986190796, 1.0028021335601807, 1.0036624670028687, 1.0031613111495972, 1.0078606605529785, 0.9986602663993835, 1.0015949010849, 1.0022413730621338, 1.00522780418396, 1.0011619329452515, 1.0060217380523682, 1.0030853748321533, 1.0033366680145264, 1.0006065368652344, 0.9997736811637878, 1.0020405054092407, 0.9976757764816284, 1.0077345371246338, 1.004577875137329, 1.0002949237823486], "val_flatten_freq_ch_loss": [0.3958730101585388, 0.339251309633255, 0.3364563584327698, 0.3348661959171295, 0.33312806487083435, 0.332671582698822, 0.33154547214508057, 0.33214831352233887, 0.33192458748817444, 0.3316430449485779, 0.3308097720146179, 0.3308382034301758, 0.33069103956222534, 0.3312731683254242, 0.3311494290828705, 0.33046647906303406, 0.3304678797721863, 0.33003318309783936, 0.33014577627182007, 0.3299490809440613, 0.3311838209629059, 0.330047607421875, 0.329896479845047, 0.3305298089981079, 0.32986223697662354, 0.3298346996307373, 0.3294428288936615, 0.3298969864845276, 0.32999101281166077, 0.32974475622177124, 0.330008327960968, 0.32977473735809326, 0.33002859354019165, 0.3300103545188904, 0.3295329809188843, 0.3295612931251526, 0.3293757140636444, 0.329437255859375, 0.3295319676399231, 0.32933148741722107, 0.32910963892936707, 0.32926130294799805, 0.32954952120780945, 0.3291192650794983, 0.32938581705093384, 0.32928895950317383, 0.32929298281669617, 0.3296458125114441, 0.32914653420448303, 0.3292084336280823], "val_flatten_freq_ch_1_loss": [0.39799636602401733, 0.34937748312950134, 0.3412265181541443, 0.33891481161117554, 0.335631787776947, 0.33472803235054016, 0.3339037299156189, 0.3330835700035095, 0.3327445089817047, 0.3333205282688141, 0.3327634036540985, 0.33245962858200073, 0.33205729722976685, 0.33284077048301697, 0.33261552453041077, 0.33210572600364685, 0.331990510225296, 0.3317008912563324, 0.33220377564430237, 0.33161184191703796, 0.33251091837882996, 0.33208414912223816, 0.3319241404533386, 0.3323419988155365, 0.3314210772514343, 0.3317624628543854, 0.33126166462898254, 0.33211448788642883, 0.3319334387779236, 0.3318008780479431, 0.33235326409339905, 0.33151042461395264, 0.33218222856521606, 0.33184224367141724, 0.331657350063324, 0.3312453627586365, 0.3314938545227051, 0.33155399560928345, 0.33213964104652405, 0.33112722635269165, 0.33117780089378357, 0.3313525319099426, 0.3316005766391754, 0.33117473125457764, 0.33169007301330566, 0.3315218985080719, 0.33096417784690857, 0.33183568716049194, 0.33124929666519165, 0.3313201665878296],