{"loss": [0.3806322515010834, 0.17256572842597961, 0.14910657703876495, 0.09691521525382996, 0.07658057659864426, 0.0691668912768364, 0.06523340195417404, 0.06354723125696182, 0.0622296966612339, 0.061316199600696564, 0.060211073607206345, 0.05924609676003456, 0.05831756815314293, 0.05781877040863037, 0.05743691697716713, 0.05610891431570053, 0.05821571126580238, 0.05685466155409813, 0.056233420968055725, 0.05613913759589195, 0.055156152695417404, 0.054451245814561844, 0.056945666670799255, 0.05469885841012001, 0.053399693220853806, 0.05465773865580559, 0.05393218621611595, 0.05394851788878441, 0.05364494398236275, 0.05293690413236618, 0.05286981910467148, 0.052219875156879425, 0.051950253546237946, 0.052363306283950806, 0.05268612504005432, 0.051356956362724304, 0.05277777090668678, 0.051842108368873596, 0.05309457331895828, 0.05059196427464485, 0.05096333846449852, 0.05045478418469429, 0.05065210908651352, 0.05126089230179787, 0.050777893513441086, 0.05038198083639145, 0.05747104436159134, 0.05303023010492325, 0.051425445824861526, 0.05097005516290665], "flatten_freq_ch_loss": [0.1782103180885315, 0.053847022354602814, 0.04155668616294861, 0.02195095084607601, 0.01506814919412136, 0.013180517591536045, 0.012303649447858334, 0.011780781671404839, 0.011430575512349606, 0.011194054037332535, 0.01102604903280735, 0.010907822288572788, 0.010759017430245876, 0.010662964545190334, 0.010550345294177532, 0.010472921654582024, 0.010461450554430485, 0.010364501737058163, 0.010334637947380543, 0.010254088789224625, 0.01023086253553629, 0.010195289738476276, 0.010163290426135063, 0.010051578283309937, 0.010064657777547836, 0.010050053708255291, 0.009979870170354843, 0.009984707459807396, 0.009981628507375717, 0.009919985197484493, 0.009908949956297874, 0.0098854536190629, 0.0098234498873353, 0.009802279062569141, 0.009814104065299034, 0.009719671681523323, 0.009759558364748955, 0.009705998934805393, 0.009709672071039677, 0.009646576829254627, 0.009650244377553463, 0.009625609964132309, 0.009590244852006435, 0.009623706340789795, 0.009601530618965626, 0.009550772607326508, 0.011281872168183327, 0.010458098724484444, 0.010111352428793907, 0.009917475283145905], "flatten_freq_ch_1_loss": [0.12399332225322723, 0.07627657055854797, 0.06894335895776749, 0.038267832249403, 0.026571303606033325, 0.02199261449277401, 0.020077930763363838, 0.019136089831590652, 0.018405776470899582, 0.01792021095752716, 0.017611391842365265, 0.01741825044155121, 0.017166923731565475, 0.01702655851840973, 0.01671423576772213, 0.016591476276516914, 0.016669558361172676, 0.016514109447598457, 0.016520800068974495, 0.016278313472867012, 0.016330299898982048, 0.01622854545712471, 0.016226068139076233, 0.01596381887793541, 0.01602065935730934, 0.016068514436483383, 0.015904124826192856, 0.016005946323275566, 0.01599251851439476, 0.015776004642248154, 0.015727972611784935, 0.015788964927196503, 0.015589382499456406, 0.01561420876532793, 0.015693146735429764, 0.015390904620289803, 0.015544566325843334, 0.015368975698947906, 0.015316393226385117, 0.015241778455674648, 0.015261447057127953, 0.015138558112084866, 0.015212486498057842, 0.015297644771635532, 0.015202143229544163, 0.0150426821783185, 0.019514163956046104, 0.017026344314217567, 0.016250129789114, 0.015818558633327484], "flatten_freq_ch_2_loss": [0.07842859625816345, 0.04244208335876465, 0.03860648721456528, 0.03669644519686699, 0.03494111821055412, 0.03399374336004257, 0.03285181149840355, 0.03263038024306297, 0.03239336237311363, 0.032201945781707764, 0.031573619693517685, 0.030920032411813736, 0.030391618609428406, 0.030129237100481987, 0.030172331258654594, 0.029044507071375847, 0.0310846995562315, 0.029976043850183487, 0.029377983883023262, 0.029606755822896957, 0.028594983741641045, 0.028027424588799477, 0.03055630996823311, 0.02868345007300377, 0.02731439471244812, 0.028539160266518593, 0.028048206120729446, 0.027957865968346596, 0.027670783922076225, 0.02724091149866581, 0.027232883498072624, 0.026545442640781403, 0.026537423953413963, 0.02694683149456978, 0.027178889140486717, 0.02624637819826603, 0.027473652735352516, 0.02676713466644287, 0.028068503364920616, 0.025703607127070427, 0.02605164796113968, 0.025690609589219093, 0.02584937773644924, 0.02633955143392086, 0.0259742122143507, 0.02578853629529476, 0.026675023138523102, 0.025545798242092133, 0.02506396546959877, 0.02523401938378811], "val_loss": [0.24092626571655273, 0.16682547330856323, 0.13369986414909363, 0.09410764276981354, 0.0764826312661171, 0.08554941415786743, 0.0720001757144928, 0.0766504779458046, 0.06833164393901825, 0.08314172178506851, 0.06061278656125069, 0.0748002678155899, 0.06529030948877335, 0.06329149007797241, 0.06526690721511841, 0.0716899037361145, 0.0562431700527668, 0.0653594508767128, 0.08658107370138168, 0.06571631133556366, 0.0714724212884903, 0.06722042709589005, 0.07083442062139511, 0.08230455219745636, 0.07318364828824997, 0.05982758849859238, 0.06460308283567429, 0.05906721204519272, 0.06193879246711731, 0.07132907211780548, 0.07672786712646484, 0.0658201202750206, 0.0555550754070282, 0.075114406645298, 0.06810454279184341, 0.07834287732839584, 0.07557044923305511, 0.08098670095205307, 0.0656861737370491, 0.08874523639678955, 0.05766044929623604, 0.0720636397600174, 0.05876535177230835, 0.0790366381406784, 0.08039238303899765, 0.05728568881750107, 0.0657847598195076, 0.07803446054458618, 0.07561314851045609, 0.0822058767080307], "val_flatten_freq_ch_loss": [0.09066694974899292, 0.05524500086903572, 0.03532686457037926, 0.020119791850447655, 0.013725437223911285, 0.013746136799454689, 0.012034794315695763, 0.012896435335278511, 0.010931896045804024, 0.012266183272004128, 0.011797268874943256, 0.011588153429329395, 0.012099137529730797, 0.010822447016835213, 0.010806601494550705, 0.011067057028412819, 0.011923940852284431, 0.011257858946919441, 0.013857537880539894, 0.011580666527152061, 0.012106556445360184, 0.011395948007702827, 0.012051435187458992, 0.012224966660141945, 0.011925065889954567, 0.011141015216708183, 0.011294322088360786, 0.0101023493334651, 0.011425929144024849, 0.011540190316736698, 0.012099780142307281, 0.011086427606642246, 0.009844744578003883, 0.010205086320638657, 0.01043387409299612, 0.011339293792843819, 0.011173863895237446, 0.011346934363245964, 0.011222446337342262, 0.010861465707421303, 0.010223565623164177, 0.010601506568491459, 0.009790175594389439, 0.011377970688045025, 0.01112047303467989, 0.010321533307433128, 0.010654968209564686, 0.010166199877858162, 0.009778973646461964, 0.010236975736916065], "val_flatten_freq_ch_1_loss": [0.06697718799114227, 0.06494311988353729, 0.049911413341760635, 0.02993767336010933, 0.02465948835015297, 0.02236626297235489, 0.020312845706939697, 0.020011629909276962, 0.018288200721144676, 0.019557584077119827, 0.01728576049208641, 0.017604704946279526, 0.017704956233501434, 0.016057701781392097, 0.01691213622689247, 0.016670335084199905, 0.017810460180044174, 0.01771748997271061, 0.021252449601888657, 0.018279269337654114, 0.01918911561369896, 0.01735122874379158, 0.017906006425619125, 0.019167708232998848, 0.018698569387197495, 0.017126917839050293, 0.016679268330335617, 0.014947856776416302, 0.016911309212446213, 0.01760147139430046, 0.01889927312731743, 0.01760653778910637, 0.015483871102333069, 0.016242878511548042, 0.016752658411860466, 0.0178985632956028, 0.018416667357087135, 0.018200203776359558, 0.017455201596021652, 0.017866328358650208, 0.016400616616010666, 0.01705392822623253, 0.015169396996498108, 0.01796763390302658, 0.018142035230994225, 0.01662449911236763, 0.020002426579594612, 0.017331933602690697, 0.016298454254865646, 0.01678275503218174],