{"loss": [1.4285284280776978], "flatten_freq_ch_3_loss": [0.4807800352573395], "flatten_freq_ch_4_loss": [0.4708361327648163], "flatten_freq_ch_5_loss": [0.4769124686717987], "val_loss": [1.3891124725341797], "val_flatten_freq_ch_3_loss": [0.4404065012931824], "val_flatten_freq_ch_4_loss": [0.40660756826400757], "val_flatten_freq_ch_5_loss": [0.5420984029769897]}