{"loss": [1.1389797925949097, 1.0321835279464722, 1.0193389654159546, 1.014802098274231, 1.0119340419769287, 1.0102442502975464, 1.009061574935913, 1.0080336332321167, 1.0073999166488647, 1.0067909955978394, 1.0063660144805908, 1.0057387351989746, 1.0054590702056885, 1.004884958267212, 1.0047986507415771, 1.0043208599090576, 1.0036324262619019, 1.0036967992782593, 1.0032157897949219, 1.0031039714813232, 1.0026663541793823, 1.0024523735046387, 1.0023478269577026, 1.0020601749420166, 1.0018954277038574, 1.0013624429702759, 1.0013102293014526, 1.0010063648223877, 1.0012271404266357, 1.0011049509048462, 1.0006458759307861, 1.0006446838378906, 1.0002416372299194, 1.00010085105896, 1.000365138053894, 1.0001469850540161, 0.9998679757118225, 0.9998689293861389, 0.9995678663253784, 0.9994271993637085, 0.999593198299408, 0.9992364048957825, 0.9993011355400085, 0.999057412147522, 0.9990572929382324, 0.9989499449729919, 0.999147891998291, 0.9987956285476685, 0.9988701939582825, 0.9985038638114929], "flatten_freq_ch_loss": [0.39323198795318604, 0.33662235736846924, 0.33425387740135193, 0.3329468369483948, 0.33228787779808044, 0.33189260959625244, 0.3316155970096588, 0.33128657937049866, 0.33112210035324097, 0.33092206716537476, 0.33087772130966187, 0.3307156562805176, 0.3306329548358917, 0.3305654525756836, 0.33048728108406067, 0.33043935894966125, 0.3303069472312927, 0.3302837014198303, 0.3302654027938843, 0.3301960825920105, 0.33014020323753357, 0.33004507422447205, 0.3300495147705078, 0.3299996852874756, 0.32996129989624023, 0.3299241364002228, 0.3298756778240204, 0.3298534154891968, 0.3298696279525757, 0.3298903703689575, 0.329786092042923, 0.3297276198863983, 0.3297601640224457, 0.32969826459884644, 0.3297390639781952, 0.3296798765659332, 0.3296530246734619, 0.3296438753604889, 0.3296281397342682, 0.32953783869743347, 0.3295416533946991, 0.3295269012451172, 0.32953494787216187, 0.32954835891723633, 0.3294832706451416, 0.32943567633628845, 0.3295353651046753, 0.3294471502304077, 0.3294369578361511, 0.329416960477829], "flatten_freq_ch_1_loss": [0.36568328738212585, 0.3433724343776703, 0.33679914474487305, 0.3349316418170929, 0.33402708172798157, 0.33362847566604614, 0.3334556519985199, 0.333193302154541, 0.33316054940223694, 0.33298173546791077, 0.333016574382782, 0.3328271210193634, 0.33275333046913147, 0.3326650559902191, 0.332596093416214, 0.33245718479156494, 0.33232083916664124, 0.33232662081718445, 0.33230000734329224, 0.3321739435195923, 0.33213934302330017, 0.3320614695549011, 0.33203643560409546, 0.3320099413394928, 0.33194759488105774, 0.33191755414009094, 0.33184337615966797, 0.3318626880645752, 0.33184704184532166, 0.3319411277770996, 0.33176955580711365, 0.33170804381370544, 0.33176007866859436, 0.331708699464798, 0.33174920082092285, 0.33166903257369995, 0.33163028955459595, 0.33165663480758667, 0.3316032588481903, 0.33150678873062134, 0.3315606713294983, 0.3315281569957733, 0.3315734565258026, 0.33151376247406006, 0.3314874768257141, 0.33142611384391785, 0.3314829468727112, 0.3314788341522217, 0.33138832449913025, 0.33143043518066406], "flatten_freq_ch_2_loss": [0.3800641596317291, 0.3521885573863983, 0.34828639030456543, 0.3469235599040985, 0.34561923146247864, 0.344723641872406, 0.34399065375328064, 0.343553751707077, 0.3431171774864197, 0.3428876996040344, 0.3424718976020813, 0.34219616651535034, 0.34207281470298767, 0.34165477752685547, 0.3417154848575592, 0.3414243757724762, 0.34100478887557983, 0.3410862982273102, 0.34065011143684387, 0.34073448181152344, 0.3403870761394501, 0.3403458595275879, 0.3402620255947113, 0.340049684047699, 0.33998680114746094, 0.33952096104621887, 0.3395911455154419, 0.33928993344306946, 0.33951056003570557, 0.33927297592163086, 0.33909082412719727, 0.3392092287540436, 0.33872130513191223, 0.3386934697628021, 0.3388771712779999, 0.3387982249259949, 0.3385847210884094, 0.3385683298110962, 0.3383365273475647, 0.3383822739124298, 0.33849090337753296, 0.3381813168525696, 0.33819249272346497, 0.3379954397678375, 0.3380865752696991, 0.33808812499046326, 0.33812952041625977, 0.33786967396736145, 0.3380450904369354, 0.33765625953674316], "val_loss": [1.0550146102905273, 1.0313372611999512, 1.0180498361587524, 1.0147557258605957, 1.0087910890579224, 1.013454556465149, 1.0075145959854126, 1.0075370073318481, 1.003178358078003, 1.0118860006332397, 1.015217900276184, 1.0069183111190796, 1.0071380138397217, 1.0057847499847412, 1.007700800895691, 1.0099375247955322, 1.0091609954833984, 1.0037082433700562, 1.0043326616287231, 1.0056281089782715, 1.007706880569458, 1.003250241279602, 1.0068275928497314, 1.009577751159668, 1.0118324756622314, 1.0116956233978271, 1.0086495876312256, 1.0026947259902954, 1.0053765773773193, 1.0111087560653687, 1.0083699226379395, 1.0087413787841797, 1.0028955936431885, 1.0044983625411987, 1.000878095626831, 1.004738450050354, 1.0056650638580322, 1.0067527294158936, 1.0107758045196533, 1.004437804222107, 0.9994401931762695, 1.001263976097107, 1.013502836227417, 1.0049819946289062, 1.0066921710968018, 1.0030771493911743, 1.000198245048523, 1.0058544874191284, 1.002745270729065, 1.0107100009918213], "val_flatten_freq_ch_loss": [0.3424415588378906, 0.3374426066875458, 0.33283382654190063, 0.33193182945251465, 0.3314407467842102, 0.33134013414382935, 0.3308993875980377, 0.33025166392326355, 0.3300803601741791, 0.33041971921920776, 0.3309229016304016, 0.33025097846984863, 0.3303477168083191, 0.3300894796848297, 0.3300168514251709, 0.3297872841358185, 0.3297829329967499, 0.329533189535141, 0.3295844495296478, 0.32965707778930664, 0.3298974931240082, 0.3293227255344391, 0.3295212388038635, 0.3293927311897278, 0.329780638217926, 0.3295217454433441, 0.3297329545021057, 0.3292844295501709, 0.3296215832233429, 0.3298146426677704, 0.32931584119796753, 0.3295322060585022, 0.3293389678001404, 0.3297842741012573, 0.3294455409049988, 0.32963573932647705, 0.3291700780391693, 0.329671174287796, 0.3298662602901459, 0.32940083742141724, 0.32910972833633423, 0.329334557056427, 0.3294565677642822, 0.3294242322444916, 0.32975465059280396, 0.32921692728996277, 0.32894957065582275, 0.3292175233364105, 0.32918816804885864, 0.32948508858680725], "val_flatten_freq_ch_1_loss": [0.3569120466709137, 0.34313488006591797, 0.3353665769100189, 0.33406394720077515, 0.3331594467163086, 0.333015501499176, 0.33274000883102417, 0.3322695791721344, 0.33182236552238464, 0.33249151706695557, 0.3332269489765167, 0.3326182961463928, 0.3329101502895355, 0.3322764039039612, 0.33205151557922363, 0.3322228789329529, 0.33213645219802856, 0.3316619098186493, 0.3321411609649658, 0.33224326372146606, 0.33223316073417664, 0.33138006925582886, 0.3317813575267792, 0.33200550079345703, 0.33262205123901367, 0.33224231004714966, 0.3320310115814209, 0.3315313756465912, 0.3318764269351959, 0.33228248357772827, 0.3314788043498993, 0.33172664046287537, 0.33139029145240784, 0.3317384123802185, 0.33135634660720825, 0.3314257264137268, 0.3312929570674896, 0.33177241683006287, 0.331868976354599, 0.33146432042121887, 0.3311668634414673, 0.3313615918159485, 0.33209148049354553, 0.33144813776016235, 0.33197396993637085, 0.3311634361743927, 0.33132535219192505, 0.3315044045448303, 0.3312135934829712, 0.3315371870994568],