{"loss": [1.895757794380188, 1.6588921546936035, 1.538328766822815, 1.462855577468872, 1.4019876718521118, 1.3465479612350464, 1.29708993434906, 1.2535792589187622, 1.2170754671096802, 1.1868209838867188, 1.1624729633331299, 1.1436066627502441, 1.1274224519729614, 1.114336609840393, 1.1042702198028564, 1.0955307483673096, 1.0882368087768555, 1.0822699069976807, 1.0768423080444336, 1.0722362995147705, 1.0685362815856934, 1.0652130842208862, 1.062143087387085, 1.059639811515808, 1.0572618246078491, 1.0554708242416382, 1.053641676902771, 1.0520553588867188, 1.0508248805999756, 1.0494189262390137, 1.0483697652816772, 1.0474355220794678, 1.0465843677520752, 1.0458693504333496, 1.0450692176818848, 1.0443634986877441, 1.0437562465667725, 1.04315984249115, 1.0426541566848755, 1.0420324802398682, 1.0415444374084473, 1.0410889387130737, 1.0404281616210938, 1.0401285886764526, 1.0395935773849487, 1.0388901233673096, 1.0383644104003906, 1.0380914211273193, 1.0374095439910889, 1.0367701053619385], "flatten_freq_ch_loss": [0.585567057132721, 0.5380476117134094, 0.5092669725418091, 0.4874964952468872, 0.469953715801239, 0.4556298851966858, 0.444280207157135, 0.43470320105552673, 0.42610716819763184, 0.41769078373908997, 0.4093029201030731, 0.40114057064056396, 0.392985999584198, 0.3852943181991577, 0.3784984052181244, 0.37231525778770447, 0.3671109974384308, 0.3627200424671173, 0.3587847650051117, 0.3556331694126129, 0.3529195785522461, 0.35064980387687683, 0.3486626148223877, 0.34699752926826477, 0.34560349583625793, 0.34442996978759766, 0.3433924913406372, 0.34255629777908325, 0.3418418765068054, 0.34120702743530273, 0.3407042920589447, 0.3402649164199829, 0.33990737795829773, 0.3395977020263672, 0.3393137454986572, 0.3390946388244629, 0.33888599276542664, 0.3387148380279541, 0.33857160806655884, 0.33840370178222656, 0.3382795751094818, 0.33815982937812805, 0.3380461633205414, 0.3379395008087158, 0.3378421664237976, 0.33770009875297546, 0.33759674429893494, 0.33751457929611206, 0.3373766541481018, 0.337258905172348], "flatten_freq_ch_1_loss": [0.7724700570106506, 0.6981623768806458, 0.6425284147262573, 0.5965496897697449, 0.5564368367195129, 0.5178471803665161, 0.4813757836818695, 0.44930166006088257, 0.4228295087814331, 0.40266767144203186, 0.3878750503063202, 0.37813320755958557, 0.37133798003196716, 0.3670554757118225, 0.3645174205303192, 0.3628465533256531, 0.3616567850112915, 0.3607020676136017, 0.3599579632282257, 0.3592239320278168, 0.35862305760383606, 0.35808688402175903, 0.35758987069129944, 0.3571656048297882, 0.35677528381347656, 0.3564576506614685, 0.3561174273490906, 0.3558242619037628, 0.3556056022644043, 0.3553232252597809, 0.35512158274650574, 0.3549198806285858, 0.3547288775444031, 0.354586660861969, 0.35440751910209656, 0.35426610708236694, 0.3540444076061249, 0.35391658544540405, 0.35378018021583557, 0.3535538613796234, 0.3534107208251953, 0.35323601961135864, 0.3530563712120056, 0.3528769314289093, 0.35268688201904297, 0.35245388746261597, 0.35221922397613525, 0.35200396180152893, 0.35171452164649963, 0.3513588309288025], "flatten_freq_ch_2_loss": [0.5377206206321716, 0.42268240451812744, 0.38653308153152466, 0.3788093030452728, 0.3755972683429718, 0.3730708956718445, 0.37143397331237793, 0.3695736825466156, 0.3681378662586212, 0.3664625883102417, 0.36529502272605896, 0.36433255672454834, 0.3630985915660858, 0.3619867265224457, 0.3612542748451233, 0.3603687882423401, 0.35946932435035706, 0.35884785652160645, 0.35809963941574097, 0.35737940669059753, 0.356993705034256, 0.35647639632225037, 0.3558906018733978, 0.35547685623168945, 0.3548828065395355, 0.35458335280418396, 0.3541316092014313, 0.35367509722709656, 0.3533772826194763, 0.3528882563114166, 0.35254374146461487, 0.3522509038448334, 0.3519483804702759, 0.3516850173473358, 0.35134801268577576, 0.35100269317626953, 0.3508257567882538, 0.3505284786224365, 0.3503023386001587, 0.3500748574733734, 0.3498542606830597, 0.34969282150268555, 0.34932592511177063, 0.3493121564388275, 0.34906432032585144, 0.3487362563610077, 0.34854814410209656, 0.3485729992389679, 0.34831851720809937, 0.3481524884700775], "val_loss": [1.8291317224502563, 1.5934913158416748, 1.495950698852539, 1.432727336883545, 1.3757573366165161, 1.319445013999939, 1.2759439945220947, 1.2318506240844727, 1.1973834037780762, 1.1680787801742554, 1.1469742059707642, 1.129708170890808, 1.114471197128296, 1.1034096479415894, 1.0931165218353271, 1.0873055458068848, 1.0780401229858398, 1.0756194591522217, 1.0713447332382202, 1.065398097038269, 1.0615988969802856, 1.0582332611083984, 1.0564581155776978, 1.0485788583755493, 1.0524736642837524, 1.0480823516845703, 1.0462441444396973, 1.046818733215332, 1.0437648296356201, 1.0448203086853027, 1.0472893714904785, 1.043305516242981, 1.0394580364227295, 1.0397498607635498, 1.0418930053710938, 1.0398733615875244, 1.0389047861099243, 1.0365372896194458, 1.0387113094329834, 1.0419048070907593, 1.0396734476089478, 1.0397965908050537, 1.0396145582199097, 1.0392072200775146, 1.0315536260604858, 1.0336849689483643, 1.0360205173492432, 1.0358680486679077, 1.0306380987167358, 1.0318082571029663], "val_flatten_freq_ch_loss": [0.5074478387832642, 0.5150750875473022, 0.5016065239906311, 0.4873873293399811, 0.47638997435569763, 0.4638832211494446, 0.45233750343322754, 0.4399718642234802, 0.4287610948085785, 0.4194980263710022, 0.4086088240146637, 0.4002540111541748, 0.3908171057701111, 0.38273125886917114, 0.37676888704299927, 0.37063130736351013, 0.3656405806541443, 0.3607569634914398, 0.3572475016117096, 0.3542456328868866, 0.35186126828193665, 0.3495766222476959, 0.34785550832748413, 0.345357745885849, 0.3446332812309265, 0.3430135250091553, 0.34188151359558105, 0.3416537344455719, 0.3405551612377167, 0.3398822546005249, 0.33965134620666504, 0.33895349502563477, 0.33856281638145447, 0.3383327126502991, 0.33806997537612915, 0.3381165862083435, 0.3377072215080261, 0.3376411497592926, 0.33749741315841675, 0.3376249670982361, 0.33729100227355957, 0.3367452025413513, 0.3373957574367523, 0.33689212799072266, 0.336421400308609, 0.3364931046962738, 0.3366757035255432, 0.3365519940853119, 0.33593425154685974, 0.33604317903518677], "val_flatten_freq_ch_1_loss": [0.7257063984870911, 0.6682894825935364, 0.6171277761459351, 0.5725481510162354, 0.5309786796569824, 0.49111300706863403, 0.45788994431495667, 0.4288710653781891, 0.4064261019229889, 0.3893715441226959, 0.37883511185646057, 0.3702738881111145, 0.36627379059791565, 0.36329519748687744, 0.3595505952835083, 0.3606136739253998, 0.3584289848804474, 0.3583242893218994, 0.3585013747215271, 0.35698074102401733, 0.35536083579063416, 0.35541313886642456, 0.3552335202693939, 0.35274237394332886, 0.3545512557029724, 0.3532591462135315, 0.3524545133113861, 0.3537634015083313, 0.35270291566848755, 0.35285279154777527, 0.3535355031490326, 0.35279399156570435, 0.3515782356262207, 0.35225003957748413, 0.3521133363246918, 0.3525593876838684, 0.3520108759403229, 0.3520101010799408, 0.3516175150871277, 0.3524274528026581, 0.35161107778549194, 0.3506247103214264, 0.35251834988594055, 0.351142019033432, 0.34999698400497437, 0.3502063751220703, 0.35042688250541687, 0.3504917621612549, 0.3489108979701996, 0.3495139479637146],