{"loss": [1.3471158742904663], "flatten_freq_ch_6_loss": [0.4442339241504669], "flatten_freq_ch_7_loss": [0.4921285808086395], "flatten_freq_ch_8_loss": [0.41075336933135986], "val_loss": [1.2969449758529663], "val_flatten_freq_ch_6_loss": [0.38647931814193726], "val_flatten_freq_ch_7_loss": [0.4686611294746399], "val_flatten_freq_ch_8_loss": [0.4418044090270996]}