{"loss": [1.4338054656982422], "flatten_freq_ch_loss": [0.4063641428947449], "flatten_freq_ch_1_loss": [0.5172184705734253], "flatten_freq_ch_2_loss": [0.5102227330207825], "val_loss": [1.5981462001800537], "val_flatten_freq_ch_loss": [0.37626123428344727], "val_flatten_freq_ch_1_loss": [0.5006283521652222], "val_flatten_freq_ch_2_loss": [0.7212566137313843]}