{"loss": [1.119344711303711, 1.0346410274505615, 1.019108772277832, 1.0140947103500366, 1.0121935606002808, 1.0108939409255981, 1.0096601247787476, 1.0084228515625, 1.0075823068618774, 1.0070866346359253, 1.0063557624816895, 1.0059558153152466, 1.0053280591964722, 1.0053285360336304, 1.0046024322509766, 1.0043076276779175, 1.0040593147277832, 1.0035436153411865, 1.003170371055603, 1.0028156042099, 1.0025404691696167, 1.0024794340133667, 1.0022131204605103, 1.0022294521331787, 1.0021891593933105, 1.0017989873886108, 1.0020718574523926, 1.0012999773025513, 1.00114905834198, 1.0012869834899902, 1.0010616779327393, 1.0007776021957397, 1.0004860162734985, 1.0000377893447876, 1.000166416168213, 1.0000197887420654, 0.9998912215232849, 1.0000985860824585, 0.9996991753578186, 0.999629557132721, 0.9995169043540955, 0.99960857629776, 0.9994503855705261, 0.9992422461509705, 0.9991763234138489, 0.9989263415336609, 0.9991024136543274, 0.9989603757858276, 0.9987271428108215, 0.9986461997032166], "flatten_freq_ch_loss": [0.3683911859989166, 0.3365561366081238, 0.3334484100341797, 0.3323025405406952, 0.33186012506484985, 0.3315924108028412, 0.3313087821006775, 0.3310200273990631, 0.3308567404747009, 0.3307082951068878, 0.3305727541446686, 0.33048832416534424, 0.3304312229156494, 0.3303479552268982, 0.3303135633468628, 0.3302246034145355, 0.3301830589771271, 0.3301389813423157, 0.3300465941429138, 0.33002591133117676, 0.3299998342990875, 0.3299870193004608, 0.32994967699050903, 0.32993778586387634, 0.32992079854011536, 0.3298373520374298, 0.32992133498191833, 0.32982826232910156, 0.32979586720466614, 0.32983413338661194, 0.32977262139320374, 0.3297176957130432, 0.3297280967235565, 0.3296816051006317, 0.32968267798423767, 0.32967403531074524, 0.3295917510986328, 0.32959339022636414, 0.3295532166957855, 0.32952290773391724, 0.3295236825942993, 0.32954883575439453, 0.32956287264823914, 0.3294903039932251, 0.32941141724586487, 0.32941538095474243, 0.3294452130794525, 0.3294095993041992, 0.3294028639793396, 0.3293550908565521], "flatten_freq_ch_1_loss": [0.36687952280044556, 0.3452140986919403, 0.33675694465637207, 0.33475202322006226, 0.33413511514663696, 0.3338169455528259, 0.3334650695323944, 0.3331890106201172, 0.3330143690109253, 0.3328835368156433, 0.3327291011810303, 0.3326649069786072, 0.33251720666885376, 0.33249953389167786, 0.3324374258518219, 0.33234429359436035, 0.3323144316673279, 0.33224356174468994, 0.33214011788368225, 0.3321363925933838, 0.3320959508419037, 0.332082062959671, 0.33208170533180237, 0.3320654630661011, 0.33202242851257324, 0.3319345712661743, 0.3321850597858429, 0.3319028615951538, 0.3319304585456848, 0.3319430947303772, 0.33180129528045654, 0.331779807806015, 0.3318370580673218, 0.3317978084087372, 0.3317622244358063, 0.3317789137363434, 0.3317376971244812, 0.3316616714000702, 0.33161619305610657, 0.3315860629081726, 0.3316146731376648, 0.3316557705402374, 0.3316805362701416, 0.33165472745895386, 0.33154159784317017, 0.33150869607925415, 0.3315367102622986, 0.3314823508262634, 0.33153247833251953, 0.3314666748046875], "flatten_freq_ch_2_loss": [0.3840738832950592, 0.3528706431388855, 0.3489038050174713, 0.3470403552055359, 0.34619849920272827, 0.34548473358154297, 0.34488606452941895, 0.34421396255493164, 0.34371131658554077, 0.3434946835041046, 0.34305402636528015, 0.3428027331829071, 0.3423794209957123, 0.34248101711273193, 0.341851145029068, 0.34173882007598877, 0.3415614366531372, 0.3411611318588257, 0.3409835994243622, 0.3406532406806946, 0.3404444754123688, 0.340410441160202, 0.3401819169521332, 0.3402261435985565, 0.34024590253829956, 0.34002718329429626, 0.3399650454521179, 0.3395689129829407, 0.3394225537776947, 0.3395096957683563, 0.3394879698753357, 0.3392797112464905, 0.33892104029655457, 0.33855879306793213, 0.3387216031551361, 0.33856675028800964, 0.3385618031024933, 0.3388438820838928, 0.33852988481521606, 0.33852043747901917, 0.3383788764476776, 0.3384036421775818, 0.33820679783821106, 0.33809757232666016, 0.33822351694107056, 0.3380022346973419, 0.33812031149864197, 0.3380684554576874, 0.33779188990592957, 0.3378247618675232], "val_loss": [1.0679905414581299, 1.029483675956726, 1.0128233432769775, 1.0157499313354492, 1.0174033641815186, 1.0136950016021729, 1.0065162181854248, 1.0168704986572266, 1.0077412128448486, 1.012756109237671, 1.0168685913085938, 1.013432502746582, 1.0090208053588867, 1.0072100162506104, 1.0040559768676758, 1.0097713470458984, 1.0070720911026, 1.0062435865402222, 1.0137169361114502, 1.0046470165252686, 1.0076202154159546, 0.9998775720596313, 1.0057982206344604, 1.0056706666946411, 1.0089462995529175, 1.009368896484375, 1.004895806312561, 1.0057882070541382, 1.0020853281021118, 1.0079219341278076, 1.0052096843719482, 1.0080053806304932, 1.0053770542144775, 1.0046586990356445, 1.0061414241790771, 1.0094302892684937, 1.0069749355316162, 1.0052696466445923, 1.0019052028656006, 1.0042698383331299, 1.006888747215271, 1.001182198524475, 1.00678288936615, 1.0052462816238403, 0.9997484087944031, 1.0005388259887695, 1.008060097694397, 1.0021754503250122, 1.0026439428329468, 1.0024328231811523], "val_flatten_freq_ch_loss": [0.343370646238327, 0.33591777086257935, 0.3329642713069916, 0.33125582337379456, 0.3313809037208557, 0.33204859495162964, 0.33011794090270996, 0.3302886486053467, 0.330036461353302, 0.33022770285606384, 0.3307088017463684, 0.3302058279514313, 0.33018428087234497, 0.32980528473854065, 0.3298131823539734, 0.32995861768722534, 0.3297514021396637, 0.32985788583755493, 0.3299087882041931, 0.3294488787651062, 0.3301527202129364, 0.3294915556907654, 0.32960233092308044, 0.32970818877220154, 0.3297397196292877, 0.3294180929660797, 0.3293435573577881, 0.3296213746070862, 0.3293636441230774, 0.3295442461967468, 0.32938626408576965, 0.3295285701751709, 0.32924336194992065, 0.3291691541671753, 0.32936322689056396, 0.32964888215065, 0.3292187750339508, 0.3292299807071686, 0.32903343439102173, 0.3290998041629791, 0.32923102378845215, 0.32898011803627014, 0.3298824727535248, 0.3294817805290222, 0.3288319408893585, 0.3291715681552887, 0.3292860984802246, 0.3290124237537384, 0.3290170133113861, 0.3286922872066498], "val_flatten_freq_ch_1_loss": [0.36042705178260803, 0.34187251329421997, 0.335197389125824, 0.3341065049171448, 0.3331647515296936, 0.3336419463157654, 0.33231523633003235, 0.3331161141395569, 0.3325025737285614, 0.33304768800735474, 0.3335980176925659, 0.3327457308769226, 0.3324863016605377, 0.33225470781326294, 0.33191147446632385, 0.33219704031944275, 0.3321825861930847, 0.33211493492126465, 0.3328777253627777, 0.33174842596054077, 0.3325594365596771, 0.3317515254020691, 0.3321993350982666, 0.33190375566482544, 0.33242279291152954, 0.3319096565246582, 0.33228692412376404, 0.3319891095161438, 0.3314726948738098, 0.33220845460891724, 0.3318396210670471, 0.3321513831615448, 0.33191990852355957, 0.3316251337528229, 0.3318478465080261, 0.332479327917099, 0.33183711767196655, 0.33181920647621155, 0.33142611384391785, 0.3316447138786316, 0.33152762055397034, 0.3311862051486969, 0.331808865070343, 0.3322252333164215, 0.3310679793357849, 0.3317621350288391, 0.3319694995880127, 0.33128517866134644, 0.331267386674881, 0.3305547833442688],